INSERT INTO `gc_timezone` (`id_timezone`, `name`) VALUES
(1, 'Africa/Abidjan'),
(2, 'Africa/Accra'),
(3, 'Africa/Addis_Ababa'),
(4, 'Africa/Algiers'),
(5, 'Africa/Asmara'),
(6, 'Africa/Asmera'),
(7, 'Africa/Bamako'),
(8, 'Africa/Bangui'),
(9, 'Africa/Banjul'),
(10, 'Africa/Bissau'),
(11, 'Africa/Blantyre'),
(12, 'Africa/Brazzaville'),
(13, 'Africa/Bujumbura'),
(14, 'Africa/Cairo'),
(15, 'Africa/Casablanca'),
(16, 'Africa/Ceuta'),
(17, 'Africa/Conakry'),
(18, 'Africa/Dakar'),
(19, 'Africa/Dar_es_Salaam'),
(20, 'Africa/Djibouti'),
(21, 'Africa/Douala'),
(22, 'Africa/El_Aaiun'),
(23, 'Africa/Freetown'),
(24, 'Africa/Gaborone'),
(25, 'Africa/Harare'),
(26, 'Africa/Johannesburg'),
(27, 'Africa/Kampala'),
(28, 'Africa/Khartoum'),
(29, 'Africa/Kigali'),
(30, 'Africa/Kinshasa'),
(31, 'Africa/Lagos'),
(32, 'Africa/Libreville'),
(33, 'Africa/Lome'),
(34, 'Africa/Luanda'),
(35, 'Africa/Lubumbashi'),
(36, 'Africa/Lusaka'),
(37, 'Africa/Malabo'),
(38, 'Africa/Maputo'),
(39, 'Africa/Maseru'),
(40, 'Africa/Mbabane'),
(41, 'Africa/Mogadishu'),
(42, 'Africa/Monrovia'),
(43, 'Africa/Nairobi'),
(44, 'Africa/Ndjamena'),
(45, 'Africa/Niamey'),
(46, 'Africa/Nouakchott'),
(47, 'Africa/Ouagadougou'),
(48, 'Africa/Porto-Novo'),
(49, 'Africa/Sao_Tome'),
(50, 'Africa/Timbuktu'),
(51, 'Africa/Tripoli'),
(52, 'Africa/Tunis'),
(53, 'Africa/Windhoek'),
(54, 'America/Adak'),
(55, 'America/Anchorage '),
(56, 'America/Anguilla'),
(57, 'America/Antigua'),
(58, 'America/Araguaina'),
(59, 'America/Argentina/Buenos_Aires'),
(60, 'America/Argentina/Catamarca'),
(61, 'America/Argentina/ComodRivadavia'),
(62, 'America/Argentina/Cordoba'),
(63, 'America/Argentina/Jujuy'),
(64, 'America/Argentina/La_Rioja'),
(65, 'America/Argentina/Mendoza'),
(66, 'America/Argentina/Rio_Gallegos'),
(67, 'America/Argentina/Salta'),
(68, 'America/Argentina/San_Juan'),
(69, 'America/Argentina/San_Luis'),
(70, 'America/Argentina/Tucuman'),
(71, 'America/Argentina/Ushuaia'),
(72, 'America/Aruba'),
(73, 'America/Asuncion'),
(74, 'America/Atikokan'),
(75, 'America/Atka'),
(76, 'America/Bahia'),
(77, 'America/Barbados'),
(78, 'America/Belem'),
(79, 'America/Belize'),
(80, 'America/Blanc-Sablon'),
(81, 'America/Boa_Vista'),
(82, 'America/Bogota'),
(83, 'America/Boise'),
(84, 'America/Buenos_Aires'),
(85, 'America/Cambridge_Bay'),
(86, 'America/Campo_Grande'),
(87, 'America/Cancun'),
(88, 'America/Caracas'),
(89, 'America/Catamarca'),
(90, 'America/Cayenne'),
(91, 'America/Cayman'),
(92, 'America/Chicago'),
(93, 'America/Chihuahua'),
(94, 'America/Coral_Harbour'),
(95, 'America/Cordoba'),
(96, 'America/Costa_Rica'),
(97, 'America/Cuiaba'),
(98, 'America/Curacao'),
(99, 'America/Danmarkshavn'),
(100, 'America/Dawson'),
(101, 'America/Dawson_Creek'),
(102, 'America/Denver'),
(103, 'America/Detroit'),
(104, 'America/Dominica'),
(105, 'America/Edmonton'),
(106, 'America/Eirunepe'),
(107, 'America/El_Salvador'),
(108, 'America/Ensenada'),
(109, 'America/Fort_Wayne'),
(110, 'America/Fortaleza'),
(111, 'America/Glace_Bay'),
(112, 'America/Godthab'),
(113, 'America/Goose_Bay'),
(114, 'America/Grand_Turk'),
(115, 'America/Grenada'),
(116, 'America/Guadeloupe'),
(117, 'America/Guatemala'),
(118, 'America/Guayaquil'),
(119, 'America/Guyana'),
(120, 'America/Halifax'),
(121, 'America/Havana'),
(122, 'America/Hermosillo'),
(123, 'America/Indiana/Indianapolis'),
(124, 'America/Indiana/Knox'),
(125, 'America/Indiana/Marengo'),
(126, 'America/Indiana/Petersburg'),
(127, 'America/Indiana/Tell_City'),
(128, 'America/Indiana/Vevay'),
(129, 'America/Indiana/Vincennes'),
(130, 'America/Indiana/Winamac'),
(131, 'America/Indianapolis'),
(132, 'America/Inuvik'),
(133, 'America/Iqaluit'),
(134, 'America/Jamaica'),
(135, 'America/Jujuy'),
(136, 'America/Juneau'),
(137, 'America/Kentucky/Louisville'),
(138, 'America/Kentucky/Monticello'),
(139, 'America/Knox_IN'),
(140, 'America/La_Paz'),
(141, 'America/Lima'),
(142, 'America/Los_Angeles'),
(143, 'America/Louisville'),
(144, 'America/Maceio'),
(145, 'America/Managua'),
(146, 'America/Manaus'),
(147, 'America/Marigot'),
(148, 'America/Martinique'),
(149, 'America/Mazatlan'),
(150, 'America/Mendoza'),
(151, 'America/Menominee'),
(152, 'America/Merida'),
(153, 'America/Mexico_City'),
(154, 'America/Miquelon'),
(155, 'America/Moncton'),
(156, 'America/Monterrey'),
(157, 'America/Montevideo'),
(158, 'America/Montreal'),
(159, 'America/Montserrat'),
(160, 'America/Nassau'),
(161, 'America/New_York'),
(162, 'America/Nipigon'),
(163, 'America/Nome'),
(164, 'America/Noronha'),
(165, 'America/North_Dakota/Center'),
(166, 'America/North_Dakota/New_Salem'),
(167, 'America/Panama'),
(168, 'America/Pangnirtung'),
(169, 'America/Paramaribo'),
(170, 'America/Phoenix'),
(171, 'America/Port-au-Prince'),
(172, 'America/Port_of_Spain'),
(173, 'America/Porto_Acre'),
(174, 'America/Porto_Velho'),
(175, 'America/Puerto_Rico'),
(176, 'America/Rainy_River'),
(177, 'America/Rankin_Inlet'),
(178, 'America/Recife'),
(179, 'America/Regina'),
(180, 'America/Resolute'),
(181, 'America/Rio_Branco'),
(182, 'America/Rosario'),
(183, 'America/Santarem'),
(184, 'America/Santiago'),
(185, 'America/Santo_Domingo'),
(186, 'America/Sao_Paulo'),
(187, 'America/Scoresbysund'),
(188, 'America/Shiprock'),
(189, 'America/St_Barthelemy'),
(190, 'America/St_Johns'),
(191, 'America/St_Kitts'),
(192, 'America/St_Lucia'),
(193, 'America/St_Thomas'),
(194, 'America/St_Vincent'),
(195, 'America/Swift_Current'),
(196, 'America/Tegucigalpa'),
(197, 'America/Thule'),
(198, 'America/Thunder_Bay'),
(199, 'America/Tijuana'),
(200, 'America/Toronto'),
(201, 'America/Tortola'),
(202, 'America/Vancouver'),
(203, 'America/Virgin'),
(204, 'America/Whitehorse'),
(205, 'America/Winnipeg'),
(206, 'America/Yakutat'),
(207, 'America/Yellowknife'),
(208, 'Antarctica/Casey'),
(209, 'Antarctica/Davis'),
(210, 'Antarctica/DumontDUrville'),
(211, 'Antarctica/Mawson'),
(212, 'Antarctica/McMurdo'),
(213, 'Antarctica/Palmer'),
(214, 'Antarctica/Rothera'),
(215, 'Antarctica/South_Pole'),
(216, 'Antarctica/Syowa'),
(217, 'Antarctica/Vostok'),
(218, 'Arctic/Longyearbyen'),
(219, 'Asia/Aden'),
(220, 'Asia/Almaty'),
(221, 'Asia/Amman'),
(222, 'Asia/Anadyr'),
(223, 'Asia/Aqtau'),
(224, 'Asia/Aqtobe'),
(225, 'Asia/Ashgabat'),
(226, 'Asia/Ashkhabad'),
(227, 'Asia/Baghdad'),
(228, 'Asia/Bahrain'),
(229, 'Asia/Baku'),
(230, 'Asia/Bangkok'),
(231, 'Asia/Beirut'),
(232, 'Asia/Bishkek'),
(233, 'Asia/Brunei'),
(234, 'Asia/Calcutta'),
(235, 'Asia/Choibalsan'),
(236, 'Asia/Chongqing'),
(237, 'Asia/Chungking'),
(238, 'Asia/Colombo'),
(239, 'Asia/Dacca'),
(240, 'Asia/Damascus'),
(241, 'Asia/Dhaka'),
(242, 'Asia/Dili'),
(243, 'Asia/Dubai'),
(244, 'Asia/Dushanbe'),
(245, 'Asia/Gaza'),
(246, 'Asia/Harbin'),
(247, 'Asia/Ho_Chi_Minh'),
(248, 'Asia/Hong_Kong'),
(249, 'Asia/Hovd'),
(250, 'Asia/Irkutsk'),
(251, 'Asia/Istanbul'),
(252, 'Asia/Jakarta'),
(253, 'Asia/Jayapura'),
(254, 'Asia/Jerusalem'),
(255, 'Asia/Kabul'),
(256, 'Asia/Kamchatka'),
(257, 'Asia/Karachi'),
(258, 'Asia/Kashgar'),
(259, 'Asia/Kathmandu'),
(260, 'Asia/Katmandu'),
(261, 'Asia/Kolkata'),
(262, 'Asia/Krasnoyarsk'),
(263, 'Asia/Kuala_Lumpur'),
(264, 'Asia/Kuching'),
(265, 'Asia/Kuwait'),
(266, 'Asia/Macao'),
(267, 'Asia/Macau'),
(268, 'Asia/Magadan'),
(269, 'Asia/Makassar'),
(270, 'Asia/Manila'),
(271, 'Asia/Muscat'),
(272, 'Asia/Nicosia'),
(273, 'Asia/Novosibirsk'),
(274, 'Asia/Omsk'),
(275, 'Asia/Oral'),
(276, 'Asia/Phnom_Penh'),
(277, 'Asia/Pontianak'),
(278, 'Asia/Pyongyang'),
(279, 'Asia/Qatar'),
(280, 'Asia/Qyzylorda'),
(281, 'Asia/Rangoon'),
(282, 'Asia/Riyadh'),
(283, 'Asia/Saigon'),
(284, 'Asia/Sakhalin'),
(285, 'Asia/Samarkand'),
(286, 'Asia/Seoul'),
(287, 'Asia/Shanghai'),
(288, 'Asia/Singapore'),
(289, 'Asia/Taipei'),
(290, 'Asia/Tashkent'),
(291, 'Asia/Tbilisi'),
(292, 'Asia/Tehran'),
(293, 'Asia/Tel_Aviv'),
(294, 'Asia/Thimbu'),
(295, 'Asia/Thimphu'),
(296, 'Asia/Tokyo'),
(297, 'Asia/Ujung_Pandang'),
(298, 'Asia/Ulaanbaatar'),
(299, 'Asia/Ulan_Bator'),
(300, 'Asia/Urumqi'),
(301, 'Asia/Vientiane'),
(302, 'Asia/Vladivostok'),
(303, 'Asia/Yakutsk'),
(304, 'Asia/Yekaterinburg'),
(305, 'Asia/Yerevan'),
(306, 'Atlantic/Azores'),
(307, 'Atlantic/Bermuda'),
(308, 'Atlantic/Canary'),
(309, 'Atlantic/Cape_Verde'),
(310, 'Atlantic/Faeroe'),
(311, 'Atlantic/Faroe'),
(312, 'Atlantic/Jan_Mayen'),
(313, 'Atlantic/Madeira'),
(314, 'Atlantic/Reykjavik'),
(315, 'Atlantic/South_Georgia'),
(316, 'Atlantic/St_Helena'),
(317, 'Atlantic/Stanley'),
(318, 'Australia/ACT'),
(319, 'Australia/Adelaide'),
(320, 'Australia/Brisbane'),
(321, 'Australia/Broken_Hill'),
(322, 'Australia/Canberra'),
(323, 'Australia/Currie'),
(324, 'Australia/Darwin'),
(325, 'Australia/Eucla'),
(326, 'Australia/Hobart'),
(327, 'Australia/LHI'),
(328, 'Australia/Lindeman'),
(329, 'Australia/Lord_Howe'),
(330, 'Australia/Melbourne'),
(331, 'Australia/North'),
(332, 'Australia/NSW'),
(333, 'Australia/Perth'),
(334, 'Australia/Queensland'),
(335, 'Australia/South'),
(336, 'Australia/Sydney'),
(337, 'Australia/Tasmania'),
(338, 'Australia/Victoria'),
(339, 'Australia/West'),
(340, 'Australia/Yancowinna'),
(341, 'Europe/Amsterdam'),
(342, 'Europe/Andorra'),
(343, 'Europe/Athens'),
(344, 'Europe/Belfast'),
(345, 'Europe/Belgrade'),
(346, 'Europe/Berlin'),
(347, 'Europe/Bratislava'),
(348, 'Europe/Brussels'),
(349, 'Europe/Bucharest'),
(350, 'Europe/Budapest'),
(351, 'Europe/Chisinau'),
(352, 'Europe/Copenhagen'),
(353, 'Europe/Dublin'),
(354, 'Europe/Gibraltar'),
(355, 'Europe/Guernsey'),
(356, 'Europe/Helsinki'),
(357, 'Europe/Isle_of_Man'),
(358, 'Europe/Istanbul'),
(359, 'Europe/Jersey'),
(360, 'Europe/Kaliningrad'),
(361, 'Europe/Kiev'),
(362, 'Europe/Lisbon'),
(363, 'Europe/Ljubljana'),
(364, 'Europe/London'),
(365, 'Europe/Luxembourg'),
(366, 'Europe/Madrid'),
(367, 'Europe/Malta'),
(368, 'Europe/Mariehamn'),
(369, 'Europe/Minsk'),
(370, 'Europe/Monaco'),
(371, 'Europe/Moscow'),
(372, 'Europe/Nicosia'),
(373, 'Europe/Oslo'),
(374, 'Europe/Paris'),
(375, 'Europe/Podgorica'),
(376, 'Europe/Prague'),
(377, 'Europe/Riga'),
(378, 'Europe/Rome'),
(379, 'Europe/Samara'),
(380, 'Europe/San_Marino'),
(381, 'Europe/Sarajevo'),
(382, 'Europe/Simferopol'),
(383, 'Europe/Skopje'),
(384, 'Europe/Sofia'),
(385, 'Europe/Stockholm'),
(386, 'Europe/Tallinn'),
(387, 'Europe/Tirane'),
(388, 'Europe/Tiraspol'),
(389, 'Europe/Uzhgorod'),
(390, 'Europe/Vaduz'),
(391, 'Europe/Vatican'),
(392, 'Europe/Vienna'),
(393, 'Europe/Vilnius'),
(394, 'Europe/Volgograd'),
(395, 'Europe/Warsaw'),
(396, 'Europe/Zagreb'),
(397, 'Europe/Zaporozhye'),
(398, 'Europe/Zurich'),
(399, 'Indian/Antananarivo'),
(400, 'Indian/Chagos'),
(401, 'Indian/Christmas'),
(402, 'Indian/Cocos'),
(403, 'Indian/Comoro'),
(404, 'Indian/Kerguelen'),
(405, 'Indian/Mahe'),
(406, 'Indian/Maldives'),
(407, 'Indian/Mauritius'),
(408, 'Indian/Mayotte'),
(409, 'Indian/Reunion'),
(410, 'Pacific/Apia'),
(411, 'Pacific/Auckland'),
(412, 'Pacific/Chatham'),
(413, 'Pacific/Easter'),
(414, 'Pacific/Efate'),
(415, 'Pacific/Enderbury'),
(416, 'Pacific/Fakaofo'),
(417, 'Pacific/Fiji'),
(418, 'Pacific/Funafuti'),
(419, 'Pacific/Galapagos'),
(420, 'Pacific/Gambier'),
(421, 'Pacific/Guadalcanal'),
(422, 'Pacific/Guam'),
(423, 'Pacific/Honolulu'),
(424, 'Pacific/Johnston'),
(425, 'Pacific/Kiritimati'),
(426, 'Pacific/Kosrae'),
(427, 'Pacific/Kwajalein'),
(428, 'Pacific/Majuro'),
(429, 'Pacific/Marquesas'),
(430, 'Pacific/Midway'),
(431, 'Pacific/Nauru'),
(432, 'Pacific/Niue'),
(433, 'Pacific/Norfolk'),
(434, 'Pacific/Noumea'),
(435, 'Pacific/Pago_Pago'),
(436, 'Pacific/Palau'),
(437, 'Pacific/Pitcairn'),
(438, 'Pacific/Ponape'),
(439, 'Pacific/Port_Moresby'),
(440, 'Pacific/Rarotonga'),
(441, 'Pacific/Saipan'),
(442, 'Pacific/Samoa'),
(443, 'Pacific/Tahiti'),
(444, 'Pacific/Tarawa'),
(445, 'Pacific/Tongatapu'),
(446, 'Pacific/Truk'),
(447, 'Pacific/Wake'),
(448, 'Pacific/Wallis'),
(449, 'Pacific/Yap'),
(450, 'Brazil/Acre'),
(451, 'Brazil/DeNoronha'),
(452, 'Brazil/East'),
(453, 'Brazil/West'),
(454, 'Canada/Atlantic'),
(455, 'Canada/Central'),
(456, 'Canada/East-Saskatchewan'),
(457, 'Canada/Eastern'),
(458, 'Canada/Mountain'),
(459, 'Canada/Newfoundland'),
(460, 'Canada/Pacific'),
(461, 'Canada/Saskatchewan'),
(462, 'Canada/Yukon'),
(463, 'CET'),
(464, 'Chile/Continental'),
(465, 'Chile/EasterIsland'),
(466, 'CST6CDT'),
(467, 'Cuba'),
(468, 'EET'),
(469, 'Egypt'),
(470, 'Eire'),
(471, 'EST'),
(472, 'EST5EDT'),
(473, 'Etc/GMT'),
(474, 'Etc/GMT+0'),
(475, 'Etc/GMT+1'),
(476, 'Etc/GMT+10'),
(477, 'Etc/GMT+11'),
(478, 'Etc/GMT+12'),
(479, 'Etc/GMT+2'),
(480, 'Etc/GMT+3'),
(481, 'Etc/GMT+4'),
(482, 'Etc/GMT+5'),
(483, 'Etc/GMT+6'),
(484, 'Etc/GMT+7'),
(485, 'Etc/GMT+8'),
(486, 'Etc/GMT+9'),
(487, 'Etc/GMT-0'),
(488, 'Etc/GMT-1'),
(489, 'Etc/GMT-10'),
(490, 'Etc/GMT-11'),
(491, 'Etc/GMT-12'),
(492, 'Etc/GMT-13'),
(493, 'Etc/GMT-14'),
(494, 'Etc/GMT-2'),
(495, 'Etc/GMT-3'),
(496, 'Etc/GMT-4'),
(497, 'Etc/GMT-5'),
(498, 'Etc/GMT-6'),
(499, 'Etc/GMT-7'),
(500, 'Etc/GMT-8'),
(501, 'Etc/GMT-9'),
(502, 'Etc/GMT0'),
(503, 'Etc/Greenwich'),
(504, 'Etc/UCT'),
(505, 'Etc/Universal'),
(506, 'Etc/UTC'),
(507, 'Etc/Zulu'),
(508, 'Factory'),
(509, 'GB'),
(510, 'GB-Eire'),
(511, 'GMT'),
(512, 'GMT+0'),
(513, 'GMT-0'),
(514, 'GMT0'),
(515, 'Greenwich'),
(516, 'Hongkong'),
(517, 'HST'),
(518, 'Iceland'),
(519, 'Iran'),
(520, 'Israel'),
(521, 'Jamaica'),
(522, 'Japan'),
(523, 'Kwajalein'),
(524, 'Libya'),
(525, 'MET'),
(526, 'Mexico/BajaNorte'),
(527, 'Mexico/BajaSur'),
(528, 'Mexico/General'),
(529, 'MST'),
(530, 'MST7MDT'),
(531, 'Navajo'),
(532, 'NZ'),
(533, 'NZ-CHAT'),
(534, 'Poland'),
(535, 'Portugal'),
(536, 'PRC'),
(537, 'PST8PDT'),
(538, 'ROC'),
(539, 'ROK'),
(540, 'Singapore'),
(541, 'Turkey'),
(542, 'UCT'),
(543, 'Universal'),
(544, 'US/Alaska'),
(545, 'US/Aleutian'),
(546, 'US/Arizona'),
(547, 'US/Central'),
(548, 'US/East-Indiana'),
(549, 'US/Eastern'),
(550, 'US/Hawaii'),
(551, 'US/Indiana-Starke'),
(552, 'US/Michigan'),
(553, 'US/Mountain'),
(554, 'US/Pacific'),
(555, 'US/Pacific-New'),
(556, 'US/Samoa'),
(557, 'UTC'),
(558, 'W-SU'),
(559, 'WET'),
(560, 'Zulu');

INSERT INTO `gc_country` (`id_country`, `id_zone`, `id_currency`, `iso_code`, `name`, `call_prefix`, `active`, `contains_states`, `need_identification_number`, `need_zip_code`, `zip_code_format`, `display_tax_label`) VALUES
(1, 1, 0, 'DE', 'Germany', 49, 1, 0, 0, 1, 'NNNNN', 1),
(2, 1, 0, 'AT', 'Austria', 43, 1, 0, 0, 1, 'NNNN', 1),
(3, 1, 0, 'BE', 'Belgium', 32, 1, 0, 0, 1, 'NNNN', 1),
(4, 2, 0, 'CA', 'Canada', 1, 1, 1, 0, 1, 'LNL NLN', 0),
(5, 3, 0, 'CN', 'China', 86, 1, 0, 0, 1, 'NNNNNN', 1),
(6, 1, 0, 'ES', 'Spain', 34, 1, 0, 1, 1, 'NNNNN', 1),
(7, 1, 0, 'FI', 'Finland', 358, 1, 0, 0, 1, 'NNNNN', 1),
(8, 1, 0, 'FR', 'France', 33, 1, 0, 0, 1, 'NNNNN', 1),
(9, 1, 0, 'GR', 'Greece', 30, 1, 0, 0, 1, 'NNNNN', 1),
(10, 1, 0, 'IT', 'Italy', 39, 1, 1, 0, 1, 'NNNNN', 1),
(11, 3, 0, 'JP', 'Japan', 81, 1, 1, 0, 1, 'NNN-NNNN', 1),
(12, 1, 0, 'LU', 'Luxemburg', 352, 1, 0, 0, 1, 'NNNN', 1),
(13, 1, 0, 'NL', 'Netherlands', 31, 1, 0, 0, 1, 'NNNN LL', 1),
(14, 1, 0, 'PL', 'Poland', 48, 1, 0, 0, 1, 'NN-NNN', 1),
(15, 1, 0, 'PT', 'Portugal', 351, 1, 0, 0, 1, 'NNNN NNN', 1),
(16, 1, 0, 'CZ', 'Czech Republic', 420, 1, 0, 0, 1, 'NNN NN', 1),
(17, 1, 0, 'GB', 'United Kingdom', 44, 1, 0, 0, 1, '', 1),
(18, 1, 0, 'SE', 'Sweden', 46, 1, 0, 0, 1, 'NNN NN', 1),
(19, 7, 0, 'CH', 'Switzerland', 41, 1, 0, 0, 1, 'NNNN', 1),
(20, 1, 0, 'DK', 'Denmark', 45, 1, 0, 0, 1, 'NNNN', 1),
(21, 2, 0, 'US', 'United States', 1, 1, 1, 0, 1, 'NNNNN', 0),
(22, 3, 0, 'HK', 'HongKong', 852, 1, 0, 0, 0, '', 1),
(23, 1, 0, 'NO', 'Norway', 47, 1, 0, 0, 1, 'NNNN', 1),
(24, 5, 0, 'AU', 'Australia', 61, 1, 1, 0, 1, 'NNNN', 1),
(25, 3, 0, 'SG', 'Singapore', 65, 1, 0, 0, 1, 'NNNNNN', 1),
(26, 1, 0, 'IE', 'Ireland', 353, 1, 0, 0, 1, '', 1),
(27, 5, 0, 'NZ', 'New Zealand', 64, 1, 0, 0, 1, 'NNNN', 1),
(28, 3, 0, 'KR', 'South Korea', 82, 1, 0, 0, 1, 'NNN-NNN', 1),
(29, 3, 0, 'IL', 'Israel', 972, 1, 0, 0, 1, 'NNNNN', 1),
(30, 4, 0, 'ZA', 'South Africa', 27, 1, 0, 0, 1, 'NNNN', 1),
(31, 4, 0, 'NG', 'Nigeria', 234, 1, 0, 0, 1, '', 1),
(32, 4, 0, 'CI', 'Ivory Coast', 225, 1, 0, 0, 1, '', 1),
(33, 4, 0, 'TG', 'Togo', 228, 1, 0, 0, 1, '', 1),
(34, 6, 0, 'BO', 'Bolivia', 591, 1, 0, 0, 1, '', 1),
(35, 4, 0, 'MU', 'Mauritius', 230, 1, 0, 0, 1, '', 1),
(36, 1, 0, 'RO', 'Romania', 40, 1, 0, 0, 1, 'NNNNNN', 1),
(37, 1, 0, 'SK', 'Slovakia', 421, 1, 0, 0, 1, 'NNN NN', 1),
(38, 4, 0, 'DZ', 'Algeria', 213, 1, 0, 0, 1, 'NNNNN', 1),
(39, 2, 0, 'AS', 'American Samoa', 0, 1, 0, 0, 1, '', 1),
(40, 7, 0, 'AD', 'Andorra', 376, 1, 0, 0, 1, 'CNNN', 1),
(41, 4, 0, 'AO', 'Angola', 244, 1, 0, 0, 0, '', 1),
(42, 8, 0, 'AI', 'Anguilla', 0, 1, 0, 0, 1, '', 1),
(43, 2, 0, 'AG', 'Antigua and Barbuda', 0, 1, 0, 0, 1, '', 1),
(44, 6, 0, 'AR', 'Argentina', 54, 1, 1, 0, 1, 'LNNNN', 1),
(45, 3, 0, 'AM', 'Armenia', 374, 1, 0, 0, 1, 'NNNN', 1),
(46, 8, 0, 'AW', 'Aruba', 297, 1, 0, 0, 1, '', 1),
(47, 3, 0, 'AZ', 'Azerbaijan', 994, 1, 0, 0, 1, 'CNNNN', 1),
(48, 2, 0, 'BS', 'Bahamas', 0, 1, 0, 0, 1, '', 1),
(49, 3, 0, 'BH', 'Bahrain', 973, 1, 0, 0, 1, '', 1),
(50, 3, 0, 'BD', 'Bangladesh', 880, 1, 0, 0, 1, 'NNNN', 1),
(51, 2, 0, 'BB', 'Barbados', 0, 1, 0, 0, 1, 'CNNNNN', 1),
(52, 7, 0, 'BY', 'Belarus', 0, 1, 0, 0, 1, 'NNNNNN', 1),
(53, 8, 0, 'BZ', 'Belize', 501, 1, 0, 0, 0, '', 1),
(54, 4, 0, 'BJ', 'Benin', 229, 1, 0, 0, 0, '', 1),
(55, 2, 0, 'BM', 'Bermuda', 0, 1, 0, 0, 1, '', 1),
(56, 3, 0, 'BT', 'Bhutan', 975, 1, 0, 0, 1, '', 1),
(57, 4, 0, 'BW', 'Botswana', 267, 1, 0, 0, 1, '', 1),
(58, 6, 0, 'BR', 'Brazil', 55, 1, 0, 0, 1, 'NNNNN-NNN', 1),
(59, 3, 0, 'BN', 'Brunei', 673, 1, 0, 0, 1, 'LLNNNN', 1),
(60, 4, 0, 'BF', 'Burkina Faso', 226, 1, 0, 0, 1, '', 1),
(61, 3, 0, 'MM', 'Burma (Myanmar)', 95, 1, 0, 0, 1, '', 1),
(62, 4, 0, 'BI', 'Burundi', 257, 1, 0, 0, 1, '', 1),
(63, 3, 0, 'KH', 'Cambodia', 855, 1, 0, 0, 1, 'NNNNN', 1),
(64, 4, 0, 'CM', 'Cameroon', 237, 1, 0, 0, 1, '', 1),
(65, 4, 0, 'CV', 'Cape Verde', 238, 1, 0, 0, 1, 'NNNN', 1),
(66, 4, 0, 'CF', 'Central African Republic', 236, 1, 0, 0, 1, '', 1),
(67, 4, 0, 'TD', 'Chad', 235, 1, 0, 0, 1, '', 1),
(68, 6, 0, 'CL', 'Chile', 56, 1, 0, 0, 1, 'NNN-NNNN', 1),
(69, 6, 0, 'CO', 'Colombia', 57, 1, 0, 0, 1, 'NNNNNN', 1),
(70, 4, 0, 'KM', 'Comoros', 269, 1, 0, 0, 1, '', 1),
(71, 4, 0, 'CD', 'Congo, Dem. Republic', 242, 1, 0, 0, 1, '', 1),
(72, 4, 0, 'CG', 'Congo, Republic', 243, 1, 0, 0, 1, '', 1),
(73, 8, 0, 'CR', 'Costa Rica', 506, 1, 0, 0, 1, 'NNNNN', 1),
(74, 7, 0, 'HR', 'Croatia', 385, 1, 0, 0, 1, 'NNNNN', 1),
(75, 8, 0, 'CU', 'Cuba', 53, 1, 0, 0, 1, '', 1),
(76, 1, 0, 'CY', 'Cyprus', 357, 1, 0, 0, 1, 'NNNN', 1),
(77, 4, 0, 'DJ', 'Djibouti', 253, 1, 0, 0, 1, '', 1),
(78, 8, 0, 'DM', 'Dominica', 0, 1, 0, 0, 1, '', 1),
(79, 8, 0, 'DO', 'Dominican Republic', 0, 1, 0, 0, 1, '', 1),
(80, 3, 0, 'TL', 'East Timor', 670, 1, 0, 0, 1, '', 1),
(81, 6, 0, 'EC', 'Ecuador', 593, 1, 0, 0, 1, 'CNNNNNN', 1),
(82, 4, 0, 'EG', 'Egypt', 20, 1, 0, 0, 0, '', 1),
(83, 8, 0, 'SV', 'El Salvador', 503, 1, 0, 0, 1, '', 1),
(84, 4, 0, 'GQ', 'Equatorial Guinea', 240, 1, 0, 0, 1, '', 1),
(85, 4, 0, 'ER', 'Eritrea', 291, 1, 0, 0, 1, '', 1),
(86, 1, 0, 'EE', 'Estonia', 372, 1, 0, 0, 1, 'NNNNN', 1),
(87, 4, 0, 'ET', 'Ethiopia', 251, 1, 0, 0, 1, '', 1),
(88, 8, 0, 'FK', 'Falkland Islands', 0, 1, 0, 0, 1, 'LLLL NLL', 1),
(89, 7, 0, 'FO', 'Faroe Islands', 298, 1, 0, 0, 1, '', 1),
(90, 5, 0, 'FJ', 'Fiji', 679, 1, 0, 0, 1, '', 1),
(91, 4, 0, 'GA', 'Gabon', 241, 1, 0, 0, 1, '', 1),
(92, 4, 0, 'GM', 'Gambia', 220, 1, 0, 0, 1, '', 1),
(93, 3, 0, 'GE', 'Georgia', 995, 1, 0, 0, 1, 'NNNN', 1),
(94, 4, 0, 'GH', 'Ghana', 233, 1, 0, 0, 1, '', 1),
(95, 8, 0, 'GD', 'Grenada', 0, 1, 0, 0, 1, '', 1),
(96, 7, 0, 'GL', 'Greenland', 299, 1, 0, 0, 1, '', 1),
(97, 7, 0, 'GI', 'Gibraltar', 350, 1, 0, 0, 1, '', 1),
(98, 8, 0, 'GP', 'Guadeloupe', 590, 1, 0, 0, 1, '', 1),
(99, 8, 0, 'GU', 'Guam', 0, 1, 0, 0, 1, '', 1),
(100, 8, 0, 'GT', 'Guatemala', 502, 1, 0, 0, 1, '', 1),
(101, 7, 0, 'GG', 'Guernsey', 0, 1, 0, 0, 1, 'LLN NLL', 1),
(102, 4, 0, 'GN', 'Guinea', 224, 1, 0, 0, 1, '', 1),
(103, 4, 0, 'GW', 'Guinea-Bissau', 245, 1, 0, 0, 1, '', 1),
(104, 6, 0, 'GY', 'Guyana', 592, 1, 0, 0, 1, '', 1),
(105, 8, 0, 'HT', 'Haiti', 509, 1, 0, 0, 1, '', 1),
(106, 5, 0, 'HM', 'Heard Island and McDonald Islands', 0, 1, 0, 0, 1, '', 1),
(107, 7, 0, 'VA', 'Vatican City State', 379, 1, 0, 0, 1, 'NNNNN', 1),
(108, 8, 0, 'HN', 'Honduras', 504, 1, 0, 0, 1, '', 1),
(109, 7, 0, 'IS', 'Iceland', 354, 1, 0, 0, 1, 'NNN', 1),
(110, 3, 0, 'IN', 'India', 91, 1, 0, 0, 1, 'NNN NNN', 1),
(111, 3, 0, 'ID', 'Indonesia', 62, 1, 1, 0, 1, 'NNNNN', 1),
(112, 3, 0, 'IR', 'Iran', 98, 1, 0, 0, 1, 'NNNNN-NNNNN', 1),
(113, 3, 0, 'IQ', 'Iraq', 964, 1, 0, 0, 1, 'NNNNN', 1),
(114, 7, 0, 'IM', 'Man Island', 0, 1, 0, 0, 1, 'CN NLL', 1),
(115, 8, 0, 'JM', 'Jamaica', 0, 1, 0, 0, 1, '', 1),
(116, 7, 0, 'JE', 'Jersey', 0, 1, 0, 0, 1, 'CN NLL', 1),
(117, 3, 0, 'JO', 'Jordan', 962, 1, 0, 0, 1, '', 1),
(118, 3, 0, 'KZ', 'Kazakhstan', 7, 1, 0, 0, 1, 'NNNNNN', 1),
(119, 4, 0, 'KE', 'Kenya', 254, 1, 0, 0, 1, '', 1),
(120, 5, 0, 'KI', 'Kiribati', 686, 1, 0, 0, 1, '', 1),
(121, 3, 0, 'KP', 'Korea, Dem. Republic of', 850, 1, 0, 0, 1, '', 1),
(122, 3, 0, 'KW', 'Kuwait', 965, 1, 0, 0, 1, '', 1),
(123, 3, 0, 'KG', 'Kyrgyzstan', 996, 1, 0, 0, 1, '', 1),
(124, 3, 0, 'LA', 'Laos', 856, 1, 0, 0, 1, '', 1),
(125, 1, 0, 'LV', 'Latvia', 371, 1, 0, 0, 1, 'C-NNNN', 1),
(126, 3, 0, 'LB', 'Lebanon', 961, 1, 0, 0, 1, '', 1),
(127, 4, 0, 'LS', 'Lesotho', 266, 1, 0, 0, 1, '', 1),
(128, 4, 0, 'LR', 'Liberia', 231, 1, 0, 0, 1, '', 1),
(129, 4, 0, 'LY', 'Libya', 218, 1, 0, 0, 1, '', 1),
(130, 1, 0, 'LI', 'Liechtenstein', 423, 1, 0, 0, 1, 'NNNN', 1),
(131, 1, 0, 'LT', 'Lithuania', 370, 1, 0, 0, 1, 'NNNNN', 1),
(132, 3, 0, 'MO', 'Macau', 853, 1, 0, 0, 0, '', 1),
(133, 7, 0, 'MK', 'Macedonia', 389, 1, 0, 0, 1, '', 1),
(134, 4, 0, 'MG', 'Madagascar', 261, 1, 0, 0, 1, '', 1),
(135, 4, 0, 'MW', 'Malawi', 265, 1, 0, 0, 1, '', 1),
(136, 3, 0, 'MY', 'Malaysia', 60, 1, 0, 0, 1, 'NNNNN', 1),
(137, 3, 0, 'MV', 'Maldives', 960, 1, 0, 0, 1, '', 1),
(138, 4, 0, 'ML', 'Mali', 223, 1, 0, 0, 1, '', 1),
(139, 1, 0, 'MT', 'Malta', 356, 1, 0, 0, 1, 'LLL NNNN', 1),
(140, 5, 0, 'MH', 'Marshall Islands', 692, 1, 0, 0, 1, '', 1),
(141, 8, 0, 'MQ', 'Martinique', 596, 1, 0, 0, 1, '', 1),
(142, 4, 0, 'MR', 'Mauritania', 222, 1, 0, 0, 1, '', 1),
(143, 1, 0, 'HU', 'Hungary', 36, 1, 0, 0, 1, 'NNNN', 1),
(144, 4, 0, 'YT', 'Mayotte', 262, 1, 0, 0, 1, '', 1),
(145, 2, 0, 'MX', 'Mexico', 52, 1, 1, 1, 1, 'NNNNN', 1),
(146, 5, 0, 'FM', 'Micronesia', 691, 1, 0, 0, 1, '', 1),
(147, 7, 0, 'MD', 'Moldova', 373, 1, 0, 0, 1, 'C-NNNN', 1),
(148, 7, 0, 'MC', 'Monaco', 377, 1, 0, 0, 1, '980NN', 1),
(149, 3, 0, 'MN', 'Mongolia', 976, 1, 0, 0, 1, '', 1),
(150, 7, 0, 'ME', 'Montenegro', 382, 1, 0, 0, 1, 'NNNNN', 1),
(151, 8, 0, 'MS', 'Montserrat', 0, 1, 0, 0, 1, '', 1),
(152, 4, 0, 'MA', 'Morocco', 212, 1, 0, 0, 1, 'NNNNN', 1),
(153, 4, 0, 'MZ', 'Mozambique', 258, 1, 0, 0, 1, '', 1),
(154, 4, 0, 'NA', 'Namibia', 264, 1, 0, 0, 1, '', 1),
(155, 5, 0, 'NR', 'Nauru', 674, 1, 0, 0, 1, '', 1),
(156, 3, 0, 'NP', 'Nepal', 977, 1, 0, 0, 1, '', 1),
(157, 8, 0, 'AN', 'Netherlands Antilles', 599, 1, 0, 0, 1, '', 1),
(158, 5, 0, 'NC', 'New Caledonia', 687, 1, 0, 0, 1, '', 1),
(159, 8, 0, 'NI', 'Nicaragua', 505, 1, 0, 0, 1, 'NNNNNN', 1),
(160, 4, 0, 'NE', 'Niger', 227, 1, 0, 0, 1, '', 1),
(161, 5, 0, 'NU', 'Niue', 683, 1, 0, 0, 1, '', 1),
(162, 5, 0, 'NF', 'Norfolk Island', 0, 1, 0, 0, 1, '', 1),
(163, 5, 0, 'MP', 'Northern Mariana Islands', 0, 1, 0, 0, 1, '', 1),
(164, 3, 0, 'OM', 'Oman', 968, 1, 0, 0, 1, '', 1),
(165, 3, 0, 'PK', 'Pakistan', 92, 1, 0, 0, 1, '', 1),
(166, 5, 0, 'PW', 'Palau', 680, 1, 0, 0, 1, '', 1),
(167, 3, 0, 'PS', 'Palestinian Territories', 0, 1, 0, 0, 1, '', 1),
(168, 8, 0, 'PA', 'Panama', 507, 1, 0, 0, 1, 'NNNNNN', 1),
(169, 5, 0, 'PG', 'Papua New Guinea', 675, 1, 0, 0, 1, '', 1),
(170, 6, 0, 'PY', 'Paraguay', 595, 1, 0, 0, 1, '', 1),
(171, 6, 0, 'PE', 'Peru', 51, 1, 0, 0, 1, '', 1),
(172, 3, 0, 'PH', 'Philippines', 63, 1, 0, 0, 1, 'NNNN', 1),
(173, 5, 0, 'PN', 'Pitcairn', 0, 1, 0, 0, 1, 'LLLL NLL', 1),
(174, 8, 0, 'PR', 'Puerto Rico', 0, 1, 0, 0, 1, 'NNNNN', 1),
(175, 3, 0, 'QA', 'Qatar', 974, 1, 0, 0, 1, '', 1),
(176, 4, 0, 'RE', 'Reunion Island', 262, 1, 0, 0, 1, '', 1),
(177, 7, 0, 'RU', 'Russian Federation', 7, 1, 0, 0, 1, 'NNNNNN', 1),
(178, 4, 0, 'RW', 'Rwanda', 250, 1, 0, 0, 1, '', 1),
(179, 8, 0, 'BL', 'Saint Barthelemy', 0, 1, 0, 0, 1, '', 1),
(180, 8, 0, 'KN', 'Saint Kitts and Nevis', 0, 1, 0, 0, 1, '', 1),
(181, 8, 0, 'LC', 'Saint Lucia', 0, 1, 0, 0, 1, '', 1),
(182, 8, 0, 'MF', 'Saint Martin', 0, 1, 0, 0, 1, '', 1),
(183, 8, 0, 'PM', 'Saint Pierre and Miquelon', 508, 1, 0, 0, 1, '', 1),
(184, 8, 0, 'VC', 'Saint Vincent and the Grenadines', 0, 1, 0, 0, 1, '', 1),
(185, 5, 0, 'WS', 'Samoa', 685, 1, 0, 0, 1, '', 1),
(186, 7, 0, 'SM', 'San Marino', 378, 1, 0, 0, 1, 'NNNNN', 1),
(187, 4, 0, 'ST', 'São Tomé and Príncipe', 239, 1, 0, 0, 1, '', 1),
(188, 3, 0, 'SA', 'Saudi Arabia', 966, 1, 0, 0, 1, '', 1),
(189, 4, 0, 'SN', 'Senegal', 221, 1, 0, 0, 1, '', 1),
(190, 7, 0, 'RS', 'Serbia', 381, 1, 0, 0, 1, 'NNNNN', 1),
(191, 4, 0, 'SC', 'Seychelles', 248, 1, 0, 0, 1, '', 1),
(192, 4, 0, 'SL', 'Sierra Leone', 232, 1, 0, 0, 1, '', 1),
(193, 1, 0, 'SI', 'Slovenia', 386, 1, 0, 0, 1, 'C-NNNN', 1),
(194, 5, 0, 'SB', 'Solomon Islands', 677, 1, 0, 0, 1, '', 1),
(195, 4, 0, 'SO', 'Somalia', 252, 1, 0, 0, 1, '', 1),
(196, 8, 0, 'GS', 'South Georgia and the South Sandwich Islands', 0, 1, 0, 0, 1, 'LLLL NLL', 1),
(197, 3, 0, 'LK', 'Sri Lanka', 94, 1, 0, 0, 1, 'NNNNN', 1),
(198, 4, 0, 'SD', 'Sudan', 249, 1, 0, 0, 1, '', 1),
(199, 8, 0, 'SR', 'Suriname', 597, 1, 0, 0, 1, '', 1),
(200, 7, 0, 'SJ', 'Svalbard and Jan Mayen', 0, 1, 0, 0, 1, '', 1),
(201, 4, 0, 'SZ', 'Swaziland', 268, 1, 0, 0, 1, '', 1),
(202, 3, 0, 'SY', 'Syria', 963, 1, 0, 0, 1, '', 1),
(203, 3, 0, 'TW', 'Taiwan', 886, 1, 0, 0, 1, 'NNNNN', 1),
(204, 3, 0, 'TJ', 'Tajikistan', 992, 1, 0, 0, 1, '', 1),
(205, 4, 0, 'TZ', 'Tanzania', 255, 1, 0, 0, 1, '', 1),
(206, 3, 0, 'TH', 'Thailand', 66, 1, 0, 0, 1, 'NNNNN', 1),
(207, 5, 0, 'TK', 'Tokelau', 690, 1, 0, 0, 1, '', 1),
(208, 5, 0, 'TO', 'Tonga', 676, 1, 0, 0, 1, '', 1),
(209, 6, 0, 'TT', 'Trinidad and Tobago', 0, 1, 0, 0, 1, '', 1),
(210, 4, 0, 'TN', 'Tunisia', 216, 1, 0, 0, 1, '', 1),
(211, 7, 0, 'TR', 'Turkey', 90, 1, 0, 0, 1, 'NNNNN', 1),
(212, 3, 0, 'TM', 'Turkmenistan', 993, 1, 0, 0, 1, '', 1),
(213, 8, 0, 'TC', 'Turks and Caicos Islands', 0, 1, 0, 0, 1, 'LLLL NLL', 1),
(214, 5, 0, 'TV', 'Tuvalu', 688, 1, 0, 0, 1, '', 1),
(215, 4, 0, 'UG', 'Uganda', 256, 1, 0, 0, 1, '', 1),
(216, 1, 0, 'UA', 'Ukraine', 380, 1, 0, 0, 1, 'NNNNN', 1),
(217, 3, 0, 'AE', 'United Arab Emirates', 971, 1, 0, 0, 1, '', 1),
(218, 6, 0, 'UY', 'Uruguay', 598, 1, 0, 0, 1, '', 1),
(219, 3, 0, 'UZ', 'Uzbekistan', 998, 1, 0, 0, 1, '', 1),
(220, 5, 0, 'VU', 'Vanuatu', 678, 1, 0, 0, 1, '', 1),
(221, 6, 0, 'VE', 'Venezuela', 58, 1, 0, 0, 1, '', 1),
(222, 3, 0, 'VN', 'Vietnam', 84, 1, 0, 0, 1, 'NNNNNN', 1),
(223, 2, 0, 'VG', 'Virgin Islands (British)', 0, 1, 0, 0, 1, 'CNNNN', 1),
(224, 2, 0, 'VI', 'Virgin Islands (U.S.)', 0, 1, 0, 0, 1, '', 1),
(225, 5, 0, 'WF', 'Wallis and Futuna', 681, 1, 0, 0, 1, '', 1),
(226, 4, 0, 'EH', 'Western Sahara', 0, 1, 0, 0, 1, '', 1),
(227, 3, 0, 'YE', 'Yemen', 967, 1, 0, 0, 1, '', 1),
(228, 4, 0, 'ZM', 'Zambia', 260, 1, 0, 0, 1, '', 1),
(229, 4, 0, 'ZW', 'Zimbabwe', 263, 1, 0, 0, 1, '', 1),
(230, 7, 0, 'AL', 'Albania', 355, 1, 0, 0, 1, 'NNNN', 1),
(231, 3, 0, 'AF', 'Afghanistan', 93, 1, 0, 0, 0, '', 1),
(232, 5, 0, 'AQ', 'Antarctica', 0, 1, 0, 0, 1, '', 1),
(233, 1, 0, 'BA', 'Bosnia and Herzegovina', 387, 1, 0, 0, 1, '', 1),
(234, 5, 0, 'BV', 'Bouvet Island', 0, 1, 0, 0, 1, '', 1),
(235, 5, 0, 'IO', 'British Indian Ocean Territory', 0, 1, 0, 0, 1, 'LLLL NLL', 1),
(236, 1, 0, 'BG', 'Bulgaria', 359, 1, 0, 0, 1, 'NNNN', 1),
(237, 8, 0, 'KY', 'Cayman Islands', 0, 1, 0, 0, 1, '', 1),
(238, 3, 0, 'CX', 'Christmas Island', 0, 1, 0, 0, 1, '', 1),
(239, 3, 0, 'CC', 'Cocos (Keeling) Islands', 0, 1, 0, 0, 1, '', 1),
(240, 5, 0, 'CK', 'Cook Islands', 682, 1, 0, 0, 1, '', 1),
(241, 6, 0, 'GF', 'French Guiana', 594, 1, 0, 0, 1, '', 1),
(242, 5, 0, 'PF', 'French Polynesia', 689, 1, 0, 0, 1, '', 1),
(243, 5, 0, 'TF', 'French Southern Territories', 0, 1, 0, 0, 1, '', 1),
(244, 7, 0, 'AX', 'Åland Islands', 0, 1, 0, 0, 1, 'NNNNN', 1);



INSERT INTO `gc_state` (`id_state`, `id_country`, `id_zone`, `name`, `iso_code`, `tax_behavior`, `active`) VALUES
(1, 21, 2, 'Alabama', 'AL', 0, 1),
(2, 21, 2, 'Alaska', 'AK', 0, 1),
(3, 21, 2, 'Arizona', 'AZ', 0, 1),
(4, 21, 2, 'Arkansas', 'AR', 0, 1),
(5, 21, 2, 'California', 'CA', 0, 1),
(6, 21, 2, 'Colorado', 'CO', 0, 1),
(7, 21, 2, 'Connecticut', 'CT', 0, 1),
(8, 21, 2, 'Delaware', 'DE', 0, 1),
(9, 21, 2, 'Florida', 'FL', 0, 1),
(10, 21, 2, 'Georgia', 'GA', 0, 1),
(11, 21, 2, 'Hawaii', 'HI', 0, 1),
(12, 21, 2, 'Idaho', 'ID', 0, 1),
(13, 21, 2, 'Illinois', 'IL', 0, 1),
(14, 21, 2, 'Indiana', 'IN', 0, 1),
(15, 21, 2, 'Iowa', 'IA', 0, 1),
(16, 21, 2, 'Kansas', 'KS', 0, 1),
(17, 21, 2, 'Kentucky', 'KY', 0, 1),
(18, 21, 2, 'Louisiana', 'LA', 0, 1),
(19, 21, 2, 'Maine', 'ME', 0, 1),
(20, 21, 2, 'Maryland', 'MD', 0, 1),
(21, 21, 2, 'Massachusetts', 'MA', 0, 1),
(22, 21, 2, 'Michigan', 'MI', 0, 1),
(23, 21, 2, 'Minnesota', 'MN', 0, 1),
(24, 21, 2, 'Mississippi', 'MS', 0, 1),
(25, 21, 2, 'Missouri', 'MO', 0, 1),
(26, 21, 2, 'Montana', 'MT', 0, 1),
(27, 21, 2, 'Nebraska', 'NE', 0, 1),
(28, 21, 2, 'Nevada', 'NV', 0, 1),
(29, 21, 2, 'New Hampshire', 'NH', 0, 1),
(30, 21, 2, 'New Jersey', 'NJ', 0, 1),
(31, 21, 2, 'New Mexico', 'NM', 0, 1),
(32, 21, 2, 'New York', 'NY', 0, 1),
(33, 21, 2, 'North Carolina', 'NC', 0, 1),
(34, 21, 2, 'North Dakota', 'ND', 0, 1),
(35, 21, 2, 'Ohio', 'OH', 0, 1),
(36, 21, 2, 'Oklahoma', 'OK', 0, 1),
(37, 21, 2, 'Oregon', 'OR', 0, 1),
(38, 21, 2, 'Pennsylvania', 'PA', 0, 1),
(39, 21, 2, 'Rhode Island', 'RI', 0, 1),
(40, 21, 2, 'South Carolina', 'SC', 0, 1),
(41, 21, 2, 'South Dakota', 'SD', 0, 1),
(42, 21, 2, 'Tennessee', 'TN', 0, 1),
(43, 21, 2, 'Texas', 'TX', 0, 1),
(44, 21, 2, 'Utah', 'UT', 0, 1),
(45, 21, 2, 'Vermont', 'VT', 0, 1),
(46, 21, 2, 'Virginia', 'VA', 0, 1),
(47, 21, 2, 'Washington', 'WA', 0, 1),
(48, 21, 2, 'West Virginia', 'WV', 0, 1),
(49, 21, 2, 'Wisconsin', 'WI', 0, 1),
(50, 21, 2, 'Wyoming', 'WY', 0, 1),
(51, 21, 2, 'Puerto Rico', 'PR', 0, 1),
(52, 21, 2, 'US Virgin Islands', 'VI', 0, 1),
(53, 21, 2, 'District of Columbia', 'DC', 0, 1),
(54, 145, 2, 'Aguascalientes', 'AGS', 0, 1),
(55, 145, 2, 'Baja California', 'BCN', 0, 1),
(56, 145, 2, 'Baja California Sur', 'BCS', 0, 1),
(57, 145, 2, 'Campeche', 'CAM', 0, 1),
(58, 145, 2, 'Chiapas', 'CHP', 0, 1),
(59, 145, 2, 'Chihuahua', 'CHH', 0, 1),
(60, 145, 2, 'Coahuila', 'COA', 0, 1),
(61, 145, 2, 'Colima', 'COL', 0, 1),
(62, 145, 2, 'Distrito Federal', 'DIF', 0, 1),
(63, 145, 2, 'Durango', 'DUR', 0, 1),
(64, 145, 2, 'Guanajuato', 'GUA', 0, 1),
(65, 145, 2, 'Guerrero', 'GRO', 0, 1),
(66, 145, 2, 'Hidalgo', 'HID', 0, 1),
(67, 145, 2, 'Jalisco', 'JAL', 0, 1),
(68, 145, 2, 'Estado de México', 'MEX', 0, 1),
(69, 145, 2, 'Michoacán', 'MIC', 0, 1),
(70, 145, 2, 'Morelos', 'MOR', 0, 1),
(71, 145, 2, 'Nayarit', 'NAY', 0, 1),
(72, 145, 2, 'Nuevo León', 'NLE', 0, 1),
(73, 145, 2, 'Oaxaca', 'OAX', 0, 1),
(74, 145, 2, 'Puebla', 'PUE', 0, 1),
(75, 145, 2, 'Querétaro', 'QUE', 0, 1),
(76, 145, 2, 'Quintana Roo', 'ROO', 0, 1),
(77, 145, 2, 'San Luis Potosí', 'SLP', 0, 1),
(78, 145, 2, 'Sinaloa', 'SIN', 0, 1),
(79, 145, 2, 'Sonora', 'SON', 0, 1),
(80, 145, 2, 'Tabasco', 'TAB', 0, 1),
(81, 145, 2, 'Tamaulipas', 'TAM', 0, 1),
(82, 145, 2, 'Tlaxcala', 'TLA', 0, 1),
(83, 145, 2, 'Veracruz', 'VER', 0, 1),
(84, 145, 2, 'Yucatán', 'YUC', 0, 1),
(85, 145, 2, 'Zacatecas', 'ZAC', 0, 1),
(86, 4, 2, 'Ontario', 'ON', 0, 1),
(87, 4, 2, 'Quebec', 'QC', 0, 1),
(88, 4, 2, 'British Columbia', 'BC', 0, 1),
(89, 4, 2, 'Alberta', 'AB', 0, 1),
(90, 4, 2, 'Manitoba', 'MB', 0, 1),
(91, 4, 2, 'Saskatchewan', 'SK', 0, 1),
(92, 4, 2, 'Nova Scotia', 'NS', 0, 1),
(93, 4, 2, 'New Brunswick', 'NB', 0, 1),
(94, 4, 2, 'Newfoundland and Labrador', 'NL', 0, 1),
(95, 4, 2, 'Prince Edward Island', 'PE', 0, 1),
(96, 4, 2, 'Northwest Territories', 'NT', 0, 1),
(97, 4, 2, 'Yukon', 'YT', 0, 1),
(98, 4, 2, 'Nunavut', 'NU', 0, 1),
(99, 44, 6, 'Buenos Aires', 'B', 0, 1),
(100, 44, 6, 'Catamarca', 'K', 0, 1),
(101, 44, 6, 'Chaco', 'H', 0, 1),
(102, 44, 6, 'Chubut', 'U', 0, 1),
(103, 44, 6, 'Ciudad de Buenos Aires', 'C', 0, 1),
(104, 44, 6, 'Córdoba', 'X', 0, 1),
(105, 44, 6, 'Corrientes', 'W', 0, 1),
(106, 44, 6, 'Entre Ríos', 'E', 0, 1),
(107, 44, 6, 'Formosa', 'P', 0, 1),
(108, 44, 6, 'Jujuy', 'Y', 0, 1),
(109, 44, 6, 'La Pampa', 'L', 0, 1),
(110, 44, 6, 'La Rioja', 'F', 0, 1),
(111, 44, 6, 'Mendoza', 'M', 0, 1),
(112, 44, 6, 'Misiones', 'N', 0, 1),
(113, 44, 6, 'Neuquén', 'Q', 0, 1),
(114, 44, 6, 'Río Negro', 'R', 0, 1),
(115, 44, 6, 'Salta', 'A', 0, 1),
(116, 44, 6, 'San Juan', 'J', 0, 1),
(117, 44, 6, 'San Luis', 'D', 0, 1),
(118, 44, 6, 'Santa Cruz', 'Z', 0, 1),
(119, 44, 6, 'Santa Fe', 'S', 0, 1),
(120, 44, 6, 'Santiago del Estero', 'G', 0, 1),
(121, 44, 6, 'Tierra del Fuego', 'V', 0, 1),
(122, 44, 6, 'Tucumán', 'T', 0, 1),
(123, 10, 1, 'Agrigento', 'AG', 0, 1),
(124, 10, 1, 'Alessandria', 'AL', 0, 1),
(125, 10, 1, 'Ancona', 'AN', 0, 1),
(126, 10, 1, 'Aosta', 'AO', 0, 1),
(127, 10, 1, 'Arezzo', 'AR', 0, 1),
(128, 10, 1, 'Ascoli Piceno', 'AP', 0, 1),
(129, 10, 1, 'Asti', 'AT', 0, 1),
(130, 10, 1, 'Avellino', 'AV', 0, 1),
(131, 10, 1, 'Bari', 'BA', 0, 1),
(132, 10, 1, 'Barletta-Andria-Trani', 'BT', 0, 1),
(133, 10, 1, 'Belluno', 'BL', 0, 1),
(134, 10, 1, 'Benevento', 'BN', 0, 1),
(135, 10, 1, 'Bergamo', 'BG', 0, 1),
(136, 10, 1, 'Biella', 'BI', 0, 1),
(137, 10, 1, 'Bologna', 'BO', 0, 1),
(138, 10, 1, 'Bolzano', 'BZ', 0, 1),
(139, 10, 1, 'Brescia', 'BS', 0, 1),
(140, 10, 1, 'Brindisi', 'BR', 0, 1),
(141, 10, 1, 'Cagliari', 'CA', 0, 1),
(142, 10, 1, 'Caltanissetta', 'CL', 0, 1),
(143, 10, 1, 'Campobasso', 'CB', 0, 1),
(144, 10, 1, 'Carbonia-Iglesias', 'CI', 0, 1),
(145, 10, 1, 'Caserta', 'CE', 0, 1),
(146, 10, 1, 'Catania', 'CT', 0, 1),
(147, 10, 1, 'Catanzaro', 'CZ', 0, 1),
(148, 10, 1, 'Chieti', 'CH', 0, 1),
(149, 10, 1, 'Como', 'CO', 0, 1),
(150, 10, 1, 'Cosenza', 'CS', 0, 1),
(151, 10, 1, 'Cremona', 'CR', 0, 1),
(152, 10, 1, 'Crotone', 'KR', 0, 1),
(153, 10, 1, 'Cuneo', 'CN', 0, 1),
(154, 10, 1, 'Enna', 'EN', 0, 1),
(155, 10, 1, 'Fermo', 'FM', 0, 1),
(156, 10, 1, 'Ferrara', 'FE', 0, 1),
(157, 10, 1, 'Firenze', 'FI', 0, 1),
(158, 10, 1, 'Foggia', 'FG', 0, 1),
(159, 10, 1, 'Forlì-Cesena', 'FC', 0, 1),
(160, 10, 1, 'Frosinone', 'FR', 0, 1),
(161, 10, 1, 'Genova', 'GE', 0, 1),
(162, 10, 1, 'Gorizia', 'GO', 0, 1),
(163, 10, 1, 'Grosseto', 'GR', 0, 1),
(164, 10, 1, 'Imperia', 'IM', 0, 1),
(165, 10, 1, 'Isernia', 'IS', 0, 1),
(166, 10, 1, 'L''Aquila', 'AQ', 0, 1),
(167, 10, 1, 'La Spezia', 'SP', 0, 1),
(168, 10, 1, 'Latina', 'LT', 0, 1),
(169, 10, 1, 'Lecce', 'LE', 0, 1),
(170, 10, 1, 'Lecco', 'LC', 0, 1),
(171, 10, 1, 'Livorno', 'LI', 0, 1),
(172, 10, 1, 'Lodi', 'LO', 0, 1),
(173, 10, 1, 'Lucca', 'LU', 0, 1),
(174, 10, 1, 'Macerata', 'MC', 0, 1),
(175, 10, 1, 'Mantova', 'MN', 0, 1),
(176, 10, 1, 'Massa', 'MS', 0, 1),
(177, 10, 1, 'Matera', 'MT', 0, 1),
(178, 10, 1, 'Medio Campidano', 'VS', 0, 1),
(179, 10, 1, 'Messina', 'ME', 0, 1),
(180, 10, 1, 'Milano', 'MI', 0, 1),
(181, 10, 1, 'Modena', 'MO', 0, 1),
(182, 10, 1, 'Monza e della Brianza', 'MB', 0, 1),
(183, 10, 1, 'Napoli', 'NA', 0, 1),
(184, 10, 1, 'Novara', 'NO', 0, 1),
(185, 10, 1, 'Nuoro', 'NU', 0, 1),
(186, 10, 1, 'Ogliastra', 'OG', 0, 1),
(187, 10, 1, 'Olbia-Tempio', 'OT', 0, 1),
(188, 10, 1, 'Oristano', 'OR', 0, 1),
(189, 10, 1, 'Padova', 'PD', 0, 1),
(190, 10, 1, 'Palermo', 'PA', 0, 1),
(191, 10, 1, 'Parma', 'PR', 0, 1),
(192, 10, 1, 'Pavia', 'PV', 0, 1),
(193, 10, 1, 'Perugia', 'PG', 0, 1),
(194, 10, 1, 'Pesaro-Urbino', 'PU', 0, 1),
(195, 10, 1, 'Pescara', 'PE', 0, 1),
(196, 10, 1, 'Piacenza', 'PC', 0, 1),
(197, 10, 1, 'Pisa', 'PI', 0, 1),
(198, 10, 1, 'Pistoia', 'PT', 0, 1),
(199, 10, 1, 'Pordenone', 'PN', 0, 1),
(200, 10, 1, 'Potenza', 'PZ', 0, 1),
(201, 10, 1, 'Prato', 'PO', 0, 1),
(202, 10, 1, 'Ragusa', 'RG', 0, 1),
(203, 10, 1, 'Ravenna', 'RA', 0, 1),
(204, 10, 1, 'Reggio Calabria', 'RC', 0, 1),
(205, 10, 1, 'Reggio Emilia', 'RE', 0, 1),
(206, 10, 1, 'Rieti', 'RI', 0, 1),
(207, 10, 1, 'Rimini', 'RN', 0, 1),
(208, 10, 1, 'Roma', 'RM', 0, 1),
(209, 10, 1, 'Rovigo', 'RO', 0, 1),
(210, 10, 1, 'Salerno', 'SA', 0, 1),
(211, 10, 1, 'Sassari', 'SS', 0, 1),
(212, 10, 1, 'Savona', 'SV', 0, 1),
(213, 10, 1, 'Siena', 'SI', 0, 1),
(214, 10, 1, 'Siracusa', 'SR', 0, 1),
(215, 10, 1, 'Sondrio', 'SO', 0, 1),
(216, 10, 1, 'Taranto', 'TA', 0, 1),
(217, 10, 1, 'Teramo', 'TE', 0, 1),
(218, 10, 1, 'Terni', 'TR', 0, 1),
(219, 10, 1, 'Torino', 'TO', 0, 1),
(220, 10, 1, 'Trapani', 'TP', 0, 1),
(221, 10, 1, 'Trento', 'TN', 0, 1),
(222, 10, 1, 'Treviso', 'TV', 0, 1),
(223, 10, 1, 'Trieste', 'TS', 0, 1),
(224, 10, 1, 'Udine', 'UD', 0, 1),
(225, 10, 1, 'Varese', 'VA', 0, 1),
(226, 10, 1, 'Venezia', 'VE', 0, 1),
(227, 10, 1, 'Verbano-Cusio-Ossola', 'VB', 0, 1),
(228, 10, 1, 'Vercelli', 'VC', 0, 1),
(229, 10, 1, 'Verona', 'VR', 0, 1),
(230, 10, 1, 'Vibo Valentia', 'VV', 0, 1),
(231, 10, 1, 'Vicenza', 'VI', 0, 1),
(232, 10, 1, 'Viterbo', 'VT', 0, 1),
(233, 111, 3, 'Aceh', 'AC', 0, 1),
(234, 111, 3, 'Bali', 'BA', 0, 1),
(235, 111, 3, 'Bangka', 'BB', 0, 1),
(236, 111, 3, 'Banten', 'BT', 0, 1),
(237, 111, 3, 'Bengkulu', 'BE', 0, 1),
(238, 111, 3, 'Central Java', 'JT', 0, 1),
(239, 111, 3, 'Central Kalimantan', 'KT', 0, 1),
(240, 111, 3, 'Central Sulawesi', 'ST', 0, 1),
(241, 111, 3, 'Coat of arms of East Java', 'JI', 0, 1),
(242, 111, 3, 'East kalimantan', 'KI', 0, 1),
(243, 111, 3, 'East Nusa Tenggara', 'NT', 0, 1),
(244, 111, 3, 'Lambang propinsi', 'GO', 0, 1),
(245, 111, 3, 'Jakarta', 'JK', 0, 1),
(246, 111, 3, 'Jambi', 'JA', 0, 1),
(247, 111, 3, 'Lampung', 'LA', 0, 1),
(248, 111, 3, 'Maluku', 'MA', 0, 1),
(249, 111, 3, 'North Maluku', 'MU', 0, 1),
(250, 111, 3, 'North Sulawesi', 'SA', 0, 1),
(251, 111, 3, 'North Sumatra', 'SU', 0, 1),
(252, 111, 3, 'Papua', 'PA', 0, 1),
(253, 111, 3, 'Riau', 'RI', 0, 1),
(254, 111, 3, 'Lambang Riau', 'KR', 0, 1),
(255, 111, 3, 'Southeast Sulawesi', 'SG', 0, 1),
(256, 111, 3, 'South Kalimantan', 'KS', 0, 1),
(257, 111, 3, 'South Sulawesi', 'SN', 0, 1),
(258, 111, 3, 'South Sumatra', 'SS', 0, 1),
(259, 111, 3, 'West Java', 'JB', 0, 1),
(260, 111, 3, 'West Kalimantan', 'KB', 0, 1),
(261, 111, 3, 'West Nusa Tenggara', 'NB', 0, 1),
(262, 111, 3, 'Lambang Provinsi Papua Barat', 'PB', 0, 1),
(263, 111, 3, 'West Sulawesi', 'SR', 0, 1),
(264, 111, 3, 'West Sumatra', 'SB', 0, 1),
(265, 111, 3, 'Yogyakarta', 'YO', 0, 1),
(266, 11, 3, 'Aichi', '23', 0, 1),
(267, 11, 3, 'Akita', '05', 0, 1),
(268, 11, 3, 'Aomori', '02', 0, 1),
(269, 11, 3, 'Chiba', '12', 0, 1),
(270, 11, 3, 'Ehime', '38', 0, 1),
(271, 11, 3, 'Fukui', '18', 0, 1),
(272, 11, 3, 'Fukuoka', '40', 0, 1),
(273, 11, 3, 'Fukushima', '07', 0, 1),
(274, 11, 3, 'Gifu', '21', 0, 1),
(275, 11, 3, 'Gunma', '10', 0, 1),
(276, 11, 3, 'Hiroshima', '34', 0, 1),
(277, 11, 3, 'Hokkaido', '01', 0, 1),
(278, 11, 3, 'Hyogo', '28', 0, 1),
(279, 11, 3, 'Ibaraki', '08', 0, 1),
(280, 11, 3, 'Ishikawa', '17', 0, 1),
(281, 11, 3, 'Iwate', '03', 0, 1),
(282, 11, 3, 'Kagawa', '37', 0, 1),
(283, 11, 3, 'Kagoshima', '46', 0, 1),
(284, 11, 3, 'Kanagawa', '14', 0, 1),
(285, 11, 3, 'Kochi', '39', 0, 1),
(286, 11, 3, 'Kumamoto', '43', 0, 1),
(287, 11, 3, 'Kyoto', '26', 0, 1),
(288, 11, 3, 'Mie', '24', 0, 1),
(289, 11, 3, 'Miyagi', '04', 0, 1),
(290, 11, 3, 'Miyazaki', '45', 0, 1),
(291, 11, 3, 'Nagano', '20', 0, 1),
(292, 11, 3, 'Nagasaki', '42', 0, 1),
(293, 11, 3, 'Nara', '29', 0, 1),
(294, 11, 3, 'Niigata', '15', 0, 1),
(295, 11, 3, 'Oita', '44', 0, 1),
(296, 11, 3, 'Okayama', '33', 0, 1),
(297, 11, 3, 'Okinawa', '47', 0, 1),
(298, 11, 3, 'Osaka', '27', 0, 1),
(299, 11, 3, 'Saga', '41', 0, 1),
(300, 11, 3, 'Saitama', '11', 0, 1),
(301, 11, 3, 'Shiga', '25', 0, 1),
(302, 11, 3, 'Shimane', '32', 0, 1),
(303, 11, 3, 'Shizuoka', '22', 0, 1),
(304, 11, 3, 'Tochigi', '09', 0, 1),
(305, 11, 3, 'Tokushima', '36', 0, 1),
(306, 11, 3, 'Tokyo', '13', 0, 1),
(307, 11, 3, 'Tottori', '31', 0, 1),
(308, 11, 3, 'Toyama', '16', 0, 1),
(309, 11, 3, 'Wakayama', '30', 0, 1),
(310, 11, 3, 'Yamagata', '06', 0, 1),
(311, 11, 3, 'Yamaguchi', '35', 0, 1),
(312, 11, 3, 'Yamanashi', '19', 0, 1),
(313, 24, 5, 'Australian Capital Territory', 'ACT', 0, 1),
(314, 24, 5, 'Victoria', 'VIC', 0, 1),
(315, 24, 5, 'Tasmania', 'TAS', 0, 1),
(316, 24, 5, 'New South Wales', 'NSW', 0, 1),
(317, 24, 5, 'Northern Territory', 'NT', 0, 1),
(318, 24, 5, 'Queensland', 'QLD', 0, 1),
(319, 24, 5, 'South Australia', 'SA', 0, 1),
(320, 24, 5, 'Western Australia', 'WA', 0, 1);

